{"cameraMode":{"drawMode":0,"name":"Shaded","section":"Shading Mode"},"sceneLighting":true,"audioPlay":false,"sceneViewState":{"m_AlwaysRefresh":false,"showFog":true,"showSkybox":true,"showFlares":true,"showImageEffects":true,"showParticleSystems":true,"showVisualEffectGraphs":true,"m_FxEnabled":true},"in2DMode":false,"pivot":{"x":10.461867332458496,"y":19.087387084960939,"z":-48.38010025024414},"rotation":{"x":-0.0035697815474122764,"y":0.9976340532302856,"z":0.007445096503943205,"w":-0.0687800794839859},"size":15.21468734741211,"orthographic":false}